{"cameraMode":{"drawMode":0,"name":"Shaded","section":"Shading Mode"},"sceneLighting":true,"audioPlay":false,"sceneViewState":{"showFog":true,"showMaterialUpdate":false,"showSkybox":true,"showFlares":true,"showImageEffects":true,"showParticleSystems":true},"in2DMode":false,"pivot":{"x":1.6356592178344727,"y":-1.8748927116394044,"z":-2.3246588706970217},"rotation":{"x":0.30452367663383486,"y":-0.15596280992031098,"z":0.05056547746062279,"w":0.9383196830749512},"size":18.696874618530275,"orthographic":false}