{"cameraMode":{"drawMode":0,"name":"Shaded","section":"Shading Mode"},"sceneLighting":true,"audioPlay":false,"sceneViewState":{"showFog":true,"showMaterialUpdate":false,"showSkybox":true,"showFlares":true,"showImageEffects":true,"showParticleSystems":true},"in2DMode":false,"pivot":{"x":1.2876043319702149,"y":1.5838465690612794,"z":-0.270784854888916},"rotation":{"x":0.25353991985321047,"y":-0.21093781292438508,"z":0.05669672042131424,"w":0.9423726201057434},"size":13.738995552062989,"orthographic":false}