{"cameraMode":{"drawMode":0,"name":"Shaded","section":"Shading Mode"},"sceneLighting":true,"audioPlay":false,"sceneViewState":{"showFog":true,"showMaterialUpdate":false,"showSkybox":true,"showFlares":true,"showImageEffects":true,"showParticleSystems":true},"in2DMode":false,"pivot":{"x":1.6356592178344727,"y":-1.8748927116394044,"z":-2.3246588706970217},"rotation":{"x":0.5027670860290527,"y":-0.008835507556796074,"z":0.005084232892841101,"w":0.8643966317176819},"size":40.83351516723633,"orthographic":false}